<?xml version="1.0" encoding="utf-8" standalone="yes" ?>
<rss version="2.0" xmlns:atom="http://www.w3.org/2005/Atom">
  <channel>
    <title>Categories on Koło Naukowe Informatyków | WIiNoM</title>
    <link>/categories/</link>
    <description>Recent content in Categories on Koło Naukowe Informatyków | WIiNoM</description>
    <generator>Hugo -- gohugo.io</generator>
    <language>pl-pl</language>
    
	<atom:link href="/categories/index.xml" rel="self" type="application/rss+xml" />
    
    
  </channel>
</rss>