<?xml version="1.0" encoding="utf-8" standalone="yes" ?>
<rss version="2.0" xmlns:atom="http://www.w3.org/2005/Atom">
  <channel>
    <title>Gallery on Koło Naukowe Informatyków | WIiNoM</title>
    <link>/gallery/</link>
    <description>Recent content in Gallery on Koło Naukowe Informatyków | WIiNoM</description>
    <generator>Hugo -- gohugo.io</generator>
    <language>pl-pl</language>
    <lastBuildDate>Sat, 14 Jul 2018 16:19:08 +0600</lastBuildDate>
    
	<atom:link href="/gallery/index.xml" rel="self" type="application/rss+xml" />
    
    
  </channel>
</rss>