<?xml version="1.0" encoding="utf-8" standalone="yes" ?>
<rss version="2.0" xmlns:atom="http://www.w3.org/2005/Atom">
  <channel>
    <title>Portfolios on Koło Naukowe Informatyków | WIiNoM</title>
    <link>/portfolio/</link>
    <description>Recent content in Portfolios on Koło Naukowe Informatyków | WIiNoM</description>
    <generator>Hugo -- gohugo.io</generator>
    <language>pl-pl</language>
    
	<atom:link href="/portfolio/index.xml" rel="self" type="application/rss+xml" />
    
    
    <item>
      <title>Mordercze Balony VR</title>
      <link>/portfolio/deathly-baloons-vr/</link>
      <pubDate>Mon, 01 Jan 0001 00:00:00 +0000</pubDate>
      
      <guid>/portfolio/deathly-baloons-vr/</guid>
      <description> Mordercze Balony VR </description>
    </item>
    
    <item>
      <title>Ogólnopolski Kongres Sportów Elektronicznych 2019</title>
      <link>/portfolio/kge-2019/</link>
      <pubDate>Mon, 01 Jan 0001 00:00:00 +0000</pubDate>
      
      <guid>/portfolio/kge-2019/</guid>
      <description> Ogólnopolski Kongres Sportów Elektronicznych 2019 </description>
    </item>
    
    <item>
      <title>Śląski Festiwal Nauki 2019</title>
      <link>/portfolio/sfn-2019/</link>
      <pubDate>Mon, 01 Jan 0001 00:00:00 +0000</pubDate>
      
      <guid>/portfolio/sfn-2019/</guid>
      <description> Śląski Festiwal Nauki 2019 </description>
    </item>
    
  </channel>
</rss>